province_name,2026-06,2026-07,2026-08,2026-09,2026-10,2026-11,2026-12,2027-01,2027-02,2027-03
National,60890,77876,77876,77876,77876,77876,77876,77876,77876,77876
Haut Katanga,0,"55581,11",50023,"83371,67","55581,11",50023,"62528,75","83371,67",0,0
Haut Lomami,0,"44448,22","40003,4","66672,33","44448,22","40003,4","50004,25","66672,33",29809,0
Kasai Oriental,0,"33333,33",30000,50000,"33333,33",30000,37500,50000,6458,98787
Kasai Central,0,"111155,44","100039,9","166733,17","111155,44","100039,9","125049,88","166733,17",0,0
Lualaba,0,"78542,56","70688,3","117813,83","78542,56","70688,3","88360,38","117813,83",677009,87656
Lomami,0,"7483,67","6735,3","11225,5","7483,67","6735,3","8419,13","11225,5",0,0
Sud Kivu,0,"109737,44","98763,7","164606,17","109737,44","98763,7","123454,63","164606,17",0,0
Sankuru,0,84787,"76308,3","127180,5",84787,"76308,3","95385,38","127180,5",8965,5486
Tanganyika,0,"96152,56","86537,3","144228,83","96152,56","86537,3","108171,63","144228,83",0,0